Time [s],Channel 0,Channel 1,Channel 2
-0.002568083,0,0,1
-0.000030917,0,0,0
-0.000014167,0,1,0
-0.000000000,1,1,0
0.009644500,0,1,0
0.019642250,0,0,0
0.023641083,0,0,1
0.049953083,0,0,0
0.073630250,0,0,1
0.099947917,0,0,0
0.099964583,1,0,0
0.109625417,0,0,0
0.123623250,0,0,1
0.149936417,0,0,0
0.173612750,0,0,1
0.199929333,0,0,0
0.199946000,0,1,0
0.199960167,1,1,0
0.209605583,0,1,0
0.219604250,0,0,0
0.223603500,0,0,1
0.249913000,0,0,0
0.273590917,0,0,1
0.299905583,0,0,0
0.299922250,1,0,0
0.309582417,0,0,0
0.323581750,0,0,1
0.349896417,0,0,0
0.373574500,0,0,1
0.399897667,0,0,0
0.399914333,0,1,0
0.399928583,1,1,0
0.409574833,0,1,0
0.419574417,0,0,0
0.423574833,0,0,1
0.449891333,0,0,0
0.473571250,0,0,1
0.499888417,0,0,0
0.499905083,1,0,0
0.509566417,0,0,0
0.523564333,0,0,1
0.549878083,0,0,0
0.573557333,0,0,1
0.599878583,0,0,0
0.599895250,0,1,0
0.599909417,1,1,0
0.609553750,0,1,0
0.619552750,0,0,0
0.623552333,0,0,1
0.649866917,0,0,0
0.673548167,0,0,1
0.699868000,0,0,0
0.699884667,1,0,0
0.709545917,0,0,0
0.723544500,0,0,1
0.749859583,0,0,0
0.773537417,0,0,1
0.799862667,0,0,0
0.799879417,0,1,0
0.799893583,1,1,0
0.809539000,0,1,0
0.819538333,0,0,0
0.823538500,0,0,1
0.849854583,0,0,0
0.873532250,0,0,1
0.899850167,0,0,0
0.899866833,1,0,0
0.909526917,0,0,0
0.923525500,0,0,1
0.949840583,0,0,0
0.973518333,0,0,1
0.999838000,0,0,0
0.999854750,0,1,0
0.999868917,1,1,0
1.009513417,0,1,0
1.019512000,0,0,0
1.023511917,0,0,1
1.049831500,0,0,0
1.073510667,0,0,1
1.099829250,0,0,0
1.099845917,1,0,0
1.109507500,0,0,0
1.123506417,0,0,1
1.149822500,0,0,0
1.173506583,0,0,1
1.199828833,0,0,0
1.199845500,0,1,0
1.199859667,1,1,0
1.209504167,0,1,0
1.219502417,0,0,0
1.223502083,0,0,1
1.249815667,0,0,0
1.273496667,0,0,1
1.299816417,0,0,0
1.299833000,1,0,0
1.309495000,0,0,0
1.323494333,0,0,1
1.349812250,0,0,0
1.373491750,0,0,1
1.399812750,0,0,0
1.399829500,0,1,0
1.399843667,1,1,0
1.409488083,0,1,0
1.419487667,0,0,0
1.423487333,0,0,1
1.449802833,0,0,0
1.473483500,0,0,1
1.499799167,0,0,0
1.499815833,1,0,0
1.509476833,0,0,0
1.523474417,0,0,1
1.549786333,0,0,0
1.573466750,0,0,1
1.599781750,0,0,0
1.599798417,0,1,0
1.599812583,1,1,0
1.609455500,0,1,0
1.619456000,0,0,0
1.623456000,0,0,1
1.649770583,0,0,0
1.673448000,0,0,1
1.699764417,0,0,0
1.699781083,1,0,0
1.709443083,0,0,0
1.723444333,0,0,1
1.749759583,0,0,0
1.773439750,0,0,1
1.799760500,0,0,0
1.799777250,0,1,0
1.799791417,1,1,0
1.809436333,0,1,0
1.819436500,0,0,0
1.823437083,0,0,1
1.849752917,0,0,0
1.873433667,0,0,1
1.899756833,0,0,0
1.899773500,1,0,0
1.909436167,0,0,0
1.923436417,0,0,1
1.949751250,0,0,0
1.973433417,0,0,1
1.999755167,0,0,0
1.999771833,0,1,0
1.999786000,1,1,0
2.009431417,0,1,0
2.019431833,0,0,0
2.023432083,0,0,1
2.049751000,0,0,0
2.073434833,0,0,1
2.099756417,0,0,0
2.099773083,1,0,0
2.109434417,0,0,0
2.123433917,0,0,1
2.149748667,0,0,0
2.173427500,0,0,1
2.199750083,0,0,0
2.199766833,0,1,0
2.199781000,1,1,0
2.209426250,0,1,0
2.219426750,0,0,0
2.223427417,0,0,1
2.249746500,0,0,0
2.273428500,0,0,1
2.299749667,0,0,0
2.299766333,1,0,0
2.309427833,0,0,0
2.323427667,0,0,1
2.349745000,0,0,0
2.373425417,0,0,1
2.399751917,0,0,0
2.399768583,0,1,0
2.399782833,1,1,0
2.409428000,0,1,0
2.419428583,0,0,0
2.423428500,0,0,1
2.449743500,0,0,0
2.473418583,0,0,1
2.499736000,0,0,0
2.499752667,1,0,0
2.509413667,0,0,0
2.523413917,0,0,1
2.549729167,0,0,0
2.573405750,0,0,1
2.599719917,0,0,0
2.599736583,0,1,0
2.599750750,1,1,0
2.609395000,0,1,0
2.619391750,0,0,0
2.623390583,0,0,1
2.649702417,0,0,0
2.673380667,0,0,1
2.699695500,0,0,0
2.699712167,1,0,0
2.709373333,0,0,0
2.723372500,0,0,1
2.749688833,0,0,0
2.773369500,0,0,1
2.799690167,0,0,0
2.799706917,0,1,0
2.799721083,1,1,0
2.809366417,0,1,0
2.819363750,0,0,0
2.823362083,0,0,1
2.849677500,0,0,0
2.873353333,0,0,1
2.899669250,0,0,0
2.899685917,1,0,0
2.909345333,0,0,0
2.923343583,0,0,1
2.949656667,0,0,0
2.973334917,0,0,1
2.999654583,0,0,0
2.999671333,0,1,0
2.999685500,1,1,0
3.009330083,0,1,0
3.019328667,0,0,0
3.023328833,0,0,1
3.049644250,0,0,0
3.073323583,0,0,1
3.099641583,0,0,0
3.099658167,1,0,0
3.109318333,0,0,0
3.123315333,0,0,1
3.149632833,0,0,0
3.173316250,0,0,1
3.199638167,0,0,0
3.199654833,0,1,0
3.199669000,1,1,0
3.209314583,0,1,0
3.219315417,0,0,0
3.223315750,0,0,1
3.249630500,0,0,0
3.273310917,0,0,1
3.299630083,0,0,0
3.299646750,1,0,0
3.309307417,0,0,0
3.323307000,0,0,1
3.349623167,0,0,0
3.373303750,0,0,1
3.399627000,0,0,0
3.399643750,0,1,0
3.399657917,1,1,0
3.409302500,0,1,0
3.419302167,0,0,0
3.423301667,0,0,1
3.449616583,0,0,0
3.473299667,0,0,1
3.499623917,0,0,0
3.499640583,1,0,0
3.509301333,0,0,0
3.523300167,0,0,1
3.549615167,0,0,0
3.573294250,0,0,1
3.599612833,0,0,0
3.599629500,0,1,0
3.599643750,1,1,0
3.609287583,0,1,0
3.619284833,0,0,0
3.623283750,0,0,1
3.649595333,0,0,0
3.673277167,0,0,1
3.699596000,0,0,0
3.699612667,1,0,0
3.709272917,0,0,0
3.723269083,0,0,1
3.749582667,0,0,0
3.773260583,0,0,1
3.799584000,0,0,0
3.799600750,0,1,0
3.799614917,1,1,0
3.809261083,0,1,0
3.819261083,0,0,0
3.823261833,0,0,1
3.849584083,0,0,0
3.873265417,0,0,1
3.899587833,0,0,0
3.899604500,1,0,0
3.909266250,0,0,0
3.923266750,0,0,1
3.949586583,0,0,0
3.973269083,0,0,1
3.999591417,0,0,0
3.999608083,0,1,0
3.999622250,1,1,0
4.009267333,0,1,0
4.019267333,0,0,0
4.023267083,0,0,1
4.049583917,0,0,0
4.073266500,0,0,1
4.099589167,0,0,0
4.099605833,1,0,0
4.109267167,0,0,0
4.123268417,0,0,1
4.149585833,0,0,0
4.173266750,0,0,1
4.199594250,0,0,0
4.199611000,0,1,0
4.199625167,1,1,0
4.209271167,0,1,0
4.219271917,0,0,0
4.223272083,0,0,1
4.249591667,0,0,0
4.273275083,0,0,1
4.299596250,0,0,0
4.299612917,1,0,0
4.309275500,0,0,0
4.323275500,0,0,1
4.349594917,0,0,0
4.373280083,0,0,1
4.399600833,0,0,0
4.399617583,0,1,0
4.399631750,1,1,0
4.409275917,0,1,0
4.419274500,0,0,0
4.423274167,0,0,1
4.449590667,0,0,0
4.473272167,0,0,1
4.499591917,0,0,0
4.499608583,1,0,0
4.509270917,0,0,0
4.523272583,0,0,1
4.549589667,0,0,0
4.573271583,0,0,1
4.599595750,0,0,0
4.599612500,0,1,0
4.599626667,1,1,0
4.609271833,0,1,0
4.619271583,0,0,0
4.623271417,0,0,1
4.649590250,0,0,0
4.673274250,0,0,1
4.699596333,0,0,0
4.699613000,1,0,0
4.709275750,0,0,0
4.723276333,0,0,1
4.749592833,0,0,0
4.773273667,0,0,1
4.799593167,0,0,0
4.799609917,0,1,0
4.799624083,1,1,0
4.809269667,0,1,0
4.819269833,0,0,0
4.823270333,0,0,1
4.849588667,0,0,0
4.873267917,0,0,1
4.899585750,0,0,0
4.899602417,1,0,0
4.909262750,0,0,0
4.923260917,0,0,1
4.949576667,0,0,0
4.973257667,0,0,1
4.999578333,0,0,0
4.999595000,0,1,0
4.999609167,1,1,0
5.009253667,0,1,0
5.019253083,0,0,0
5.023252500,0,0,1
5.049567917,0,0,0
5.073249750,0,0,1
5.099570083,0,0,0
5.099586750,1,0,0
5.109248917,0,0,0
5.123250333,0,0,1
5.149565833,0,0,0
5.173246000,0,0,1
5.199565833,0,0,0
5.199582500,0,1,0
5.199596750,1,1,0
5.209241583,0,1,0
5.219240750,0,0,0
5.223240333,0,0,1
5.249552667,0,0,0
5.273231833,0,0,1
5.299548167,0,0,0
5.299564833,1,0,0
5.309226917,0,0,0
5.323227250,0,0,1
5.349540417,0,0,0
5.373218833,0,0,1
5.399537750,0,0,0
5.399554500,0,1,0
5.399568667,1,1,0
5.409211500,0,1,0
5.419209750,0,0,0
5.423208417,0,0,1
5.449522500,0,0,0
5.473201500,0,0,1
5.499517667,0,0,0
5.499534333,1,0,0
5.509195667,0,0,0
5.523193500,0,0,1
5.549506333,0,0,0
5.573186750,0,0,1
5.599506083,0,0,0
5.599522833,0,1,0
5.599537000,1,1,0
5.609181500,0,1,0
5.619180583,0,0,0
5.623180167,0,0,1
5.649491500,0,0,0
5.673168500,0,0,1
5.699484667,0,0,0
5.699501333,1,0,0
5.709164333,0,0,0
5.723163250,0,0,1
5.749476667,0,0,0
5.773155750,0,0,1
5.799476417,0,0,0
5.799493083,0,1,0
5.799507250,1,1,0
5.809153250,0,1,0
5.819153583,0,0,0
5.823153917,0,0,1
5.849472167,0,0,0
5.873153750,0,0,1
5.899471083,0,0,0
5.899487750,1,0,0
5.909148250,0,0,0
5.923147167,0,0,1
5.949465333,0,0,0
5.973150667,0,0,1
5.999476833,0,0,0
5.999493500,0,1,0
5.999507667,1,1,0
6.009154500,0,1,0
6.019155167,0,0,0
6.023154583,0,0,1
6.049466750,0,0,0
6.073148250,0,0,1
6.099465167,0,0,0
6.099481833,1,0,0
6.109142000,0,0,0
6.123140417,0,0,1
6.149454917,0,0,0
6.173133250,0,0,1
6.199457833,0,0,0
6.199474583,0,1,0
6.199488750,1,1,0
6.209133083,0,1,0
6.219131250,0,0,0
6.223131750,0,0,1
6.249448667,0,0,0
6.273128417,0,0,1
6.299446667,0,0,0
6.299463333,1,0,0
6.309124083,0,0,0
6.323123250,0,0,1
6.349436583,0,0,0
6.373116250,0,0,1
6.399438333,0,0,0
6.399455083,0,1,0
6.399469250,1,1,0
6.409113333,0,1,0
6.419113250,0,0,0
6.423113750,0,0,1
6.449431667,0,0,0
6.473113417,0,0,1
6.499434917,0,0,0
6.499451583,1,0,0
6.509113417,0,0,0
6.523111667,0,0,1
6.549427667,0,0,0
6.573106333,0,0,1
6.599424583,0,0,0
6.599441250,0,1,0
6.599455417,1,1,0
6.609099083,0,1,0
6.619097250,0,0,0
6.623096833,0,0,1
6.649412000,0,0,0
6.673094000,0,0,1
6.699408000,0,0,0
6.699424667,1,0,0
6.709083667,0,0,0
6.723081833,0,0,1
6.749394250,0,0,0
6.773068667,0,0,1
6.799382500,0,0,0
6.799399250,0,1,0
6.799413417,1,1,0
6.809055750,0,1,0
6.819053250,0,0,0
6.823052833,0,0,1
6.849363583,0,0,0
6.873039333,0,0,1
6.899352750,0,0,0
6.899369417,1,0,0
6.909028833,0,0,0
6.923026417,0,0,1
6.949336250,0,0,0
6.973012000,0,0,1
6.999329917,0,0,0
6.999346667,0,1,0
6.999360833,1,1,0
7.009005000,0,1,0
7.019001750,0,0,0
7.023000833,0,0,1
7.049316583,0,0,0
7.072996000,0,0,1
7.099310833,0,0,0
7.099327500,1,0,0
7.108987667,0,0,0
7.122984000,0,0,1
7.149296167,0,0,0
7.172974417,0,0,1
7.199293917,0,0,0
7.199310667,0,1,0
7.199324833,1,1,0
7.208968083,0,1,0
7.218966083,0,0,0
7.222965167,0,0,1
7.249280500,0,0,0
7.272958417,0,0,1
7.299275833,0,0,0
7.299292500,1,0,0
7.308953417,0,0,0
7.322949167,0,0,1
7.349261417,0,0,0
7.372938667,0,0,1
7.399256583,0,0,0
7.399273333,0,1,0
7.399287500,1,1,0
7.408932750,0,1,0
7.418931500,0,0,0
7.422931083,0,0,1
7.449242500,0,0,0
7.472918500,0,0,1
7.499235583,0,0,0
7.499252250,1,0,0
7.508912083,0,0,0
7.522908750,0,0,1
7.549223667,0,0,0
7.572903750,0,0,1
7.599227250,0,0,0
7.599243917,0,1,0
7.599258083,1,1,0
7.608902417,0,1,0
7.618901833,0,0,0
7.622902167,0,0,1
7.649216250,0,0,0
7.672896500,0,0,1
7.699214167,0,0,0
7.699230750,1,0,0
7.708890417,0,0,0
7.722886333,0,0,1
7.749198917,0,0,0
7.772878750,0,0,1
7.799202167,0,0,0
7.799218917,0,1,0
7.799233083,1,1,0
7.808878667,0,1,0
7.818879250,0,0,0
7.822879667,0,0,1
7.849195250,0,0,0
7.872873583,0,0,1
7.899194250,0,0,0
7.899210917,1,0,0
7.908871083,0,0,0
7.922868833,0,0,1
7.949183833,0,0,0
7.972860750,0,0,1
7.999179083,0,0,0
7.999195833,0,1,0
7.999210000,1,1,0
8.008854583,0,1,0
8.018854250,0,0,0
8.022853417,0,0,1
8.049165833,0,0,0
8.072842500,0,0,1
8.099162833,0,0,0
8.099179500,1,0,0
8.108842667,0,0,0
8.122843500,0,0,1
8.149162083,0,0,0
8.172844750,0,0,1
8.199167667,0,0,0
8.199184417,0,1,0
8.199198583,1,1,0
8.208843083,0,1,0
8.218843833,0,0,0
8.222843583,0,0,1
8.249163750,0,0,0
8.272842417,0,0,1
8.299160250,0,0,0
8.299176917,1,0,0
8.308836833,0,0,0
8.322834750,0,0,1
8.349148083,0,0,0
8.372825667,0,0,1
8.399144500,0,0,0
8.399161250,0,1,0
8.399175417,1,1,0
8.408818667,0,1,0
8.418816583,0,0,0
8.422816417,0,0,1
8.449134833,0,0,0
8.472816333,0,0,1
8.499135917,0,0,0
8.499152583,1,0,0
8.508814083,0,0,0
8.522812500,0,0,1
8.549132500,0,0,0
8.572811750,0,0,1
8.599133583,0,0,0
8.599150250,0,1,0
8.599164500,1,1,0
8.608809083,0,1,0
8.618809500,0,0,0
8.622809750,0,0,1
8.649126500,0,0,0
8.672806500,0,0,1
8.699127417,0,0,0
8.699144083,1,0,0
8.708805917,0,0,0
8.722805000,0,0,1
8.749122833,0,0,0
8.772803417,0,0,1
8.799122750,0,0,0
8.799139417,0,1,0
8.799153583,1,1,0
8.808798917,0,1,0
8.818796333,0,0,0
8.822795833,0,0,1
8.849108500,0,0,0
8.872786417,0,0,1
8.899107083,0,0,0
8.899123750,1,0,0
8.908785500,0,0,0
8.922784083,0,0,1
8.949099500,0,0,0
8.972779333,0,0,1
8.999097250,0,0,0
8.999113917,0,1,0
8.999128083,1,1,0
9.008771250,0,1,0
9.018768083,0,0,0
9.022767167,0,0,1
9.049076917,0,0,0
9.072752000,0,0,1
9.099067250,0,0,0
9.099083917,1,0,0
9.108744167,0,0,0
9.122741583,0,0,1
9.149051333,0,0,0
9.172727750,0,0,1
9.199045083,0,0,0
9.199061750,0,1,0
9.199075917,1,1,0
9.208719750,0,1,0
9.218718000,0,0,0
9.222717417,0,0,1
9.249033750,0,0,0
9.272712583,0,0,1
9.299029000,0,0,0
9.299045667,1,0,0
9.308706833,0,0,0
9.322704333,0,0,1
9.349015000,0,0,0
9.372693250,0,0,1
9.399010750,0,0,0
9.399027417,0,1,0
9.399041583,1,1,0
9.408685333,0,1,0
9.418685083,0,0,0
9.422684917,0,0,1
9.449000583,0,0,0
9.472681917,0,0,1
9.499000583,0,0,0
9.499017250,1,0,0
9.508678500,0,0,0
9.522675583,0,0,1
9.548991333,0,0,0
9.572672583,0,0,1
9.598993583,0,0,0
9.599010333,0,1,0
9.599024500,1,1,0
9.608667500,0,1,0
9.618667083,0,0,0
9.622667583,0,0,1
9.648982583,0,0,0
9.672658583,0,0,1
9.698975917,0,0,0
9.698992583,1,0,0
9.708652083,0,0,0
9.722650083,0,0,1
9.748960583,0,0,0
9.772637083,0,0,1
9.798953250,0,0,0
9.798970000,0,1,0
9.798984167,1,1,0
9.808626667,0,1,0
9.818623250,0,0,0
9.822622083,0,0,1
9.848933917,0,0,0
9.872609333,0,0,1
9.898924833,0,0,0
9.898941500,1,0,0
9.908600750,0,0,0
9.922597583,0,0,1
9.948908833,0,0,0
9.972589417,0,0,1
9.998908833,0,0,0
9.998925500,0,1,0
9.998939667,1,1,0
10.008584750,0,1,0
10.018584667,0,0,0
10.022584417,0,0,1
10.048901833,0,0,0
10.072580833,0,0,1
10.098895833,0,0,0
10.098912500,1,0,0
10.108573583,0,0,0
10.122573000,0,0,1
10.148885583,0,0,0
10.172565167,0,0,1
10.198883250,0,0,0
10.198899917,0,1,0
10.198914167,1,1,0
10.208558333,0,1,0
10.218556250,0,0,0
10.222555083,0,0,1
10.248865583,0,0,0
10.272540667,0,0,1
10.298856833,0,0,0
10.298873500,1,0,0
10.308532833,0,0,0
10.322531333,0,0,1
10.348847333,0,0,0
10.372523583,0,0,1
10.398841750,0,0,0
10.398858417,0,1,0
10.398872583,1,1,0
10.408516667,0,1,0
10.418514667,0,0,0
10.422513750,0,0,1
10.448826500,0,0,0
10.472505000,0,0,1
10.498824167,0,0,0
10.498840833,1,0,0
10.508500833,0,0,0
10.522498000,0,0,1
10.548807833,0,0,0
10.572487333,0,0,1
10.598810000,0,0,0
10.598826750,0,1,0
10.598840917,1,1,0
10.608485167,0,1,0
10.618484833,0,0,0
10.622484583,0,0,1
10.648800667,0,0,0
10.672480333,0,0,1
10.698798250,0,0,0
10.698814917,1,0,0
10.708474750,0,0,0
10.722474000,0,0,1
10.748792417,0,0,0
10.772473917,0,0,1
10.798795583,0,0,0
10.798812333,0,1,0
10.798826500,1,1,0
10.808471333,0,1,0
10.818470750,0,0,0
10.822470417,0,0,1
10.848782083,0,0,0
10.872462250,0,0,1
10.898781333,0,0,0
10.898798000,1,0,0
10.908459333,0,0,0
10.922457917,0,0,1
10.948774167,0,0,0
10.972455333,0,0,1
10.998776167,0,0,0
10.998792917,0,1,0
10.998807083,1,1,0
11.008454417,0,1,0
11.018453500,0,0,0
11.022452917,0,0,1
11.048767250,0,0,0
11.072448333,0,0,1
11.098766583,0,0,0
11.098783250,1,0,0
11.108443917,0,0,0
11.122441417,0,0,1
11.148756833,0,0,0
11.172439333,0,0,1
11.198760417,0,0,0
11.198777083,0,1,0
11.198791250,1,1,0
11.208436000,0,1,0
11.218435167,0,0,0
11.222434917,0,0,1
11.248748583,0,0,0
11.272430500,0,0,1
11.298753833,0,0,0
11.298770500,1,0,0
11.308433917,0,0,0
11.322434167,0,0,1
11.348753417,0,0,0
11.372434750,0,0,1
11.398757833,0,0,0
11.398774500,0,1,0
11.398788667,1,1,0
11.408433250,0,1,0
11.418433333,0,0,0
11.422432417,0,0,1
11.448746417,0,0,0
11.472426167,0,0,1
11.498744833,0,0,0
11.498761500,1,0,0
11.508422583,0,0,0
11.522421583,0,0,1
11.548736833,0,0,0
11.572414667,0,0,1
11.598733833,0,0,0
11.598750500,0,1,0
11.598764667,1,1,0
11.608407917,0,1,0
11.618406333,0,0,0
11.622406333,0,0,1
11.648722250,0,0,0
11.672400583,0,0,1
11.698719250,0,0,0
11.698735917,1,0,0
11.708396583,0,0,0
11.722395417,0,0,1
11.748709417,0,0,0
11.772387917,0,0,1
11.798708333,0,0,0
11.798725083,0,1,0
11.798739250,1,1,0
11.808382333,0,1,0
11.818379750,0,0,0
11.822379000,0,0,1
11.848694583,0,0,0
11.872373000,0,0,1
11.898688417,0,0,0
11.898705083,1,0,0
11.908365500,0,0,0
11.922363250,0,0,1
11.948680417,0,0,0
11.972359583,0,0,1
11.998679583,0,0,0
11.998696250,0,1,0
11.998710417,1,1,0
12.008354167,0,1,0
12.018353333,0,0,0
12.022353333,0,0,1
12.048665917,0,0,0
12.072343667,0,0,1
12.098661917,0,0,0
12.098678583,1,0,0
12.108339750,0,0,0
12.122337250,0,0,1
12.148650917,0,0,0
12.172329417,0,0,1
12.198649167,0,0,0
12.198665917,0,1,0
12.198680083,1,1,0
12.208325083,0,1,0
12.218324000,0,0,0
12.222323583,0,0,1
12.248638833,0,0,0
12.272320167,0,0,1
12.298639750,0,0,0
12.298656417,1,0,0
12.308317583,0,0,0
12.322316667,0,0,1
12.348630833,0,0,0
12.372308000,0,0,1
12.398626167,0,0,0
12.398642833,0,1,0
12.398657000,1,1,0
12.408301000,0,1,0
12.418302167,0,0,0
12.422302667,0,0,1
12.448625417,0,0,0
12.472307667,0,0,1
12.498630917,0,0,0
12.498647583,1,0,0
12.508309917,0,0,0
12.522311000,0,0,1
12.548633750,0,0,0
12.572317583,0,0,1
12.598639500,0,0,0
12.598656250,0,1,0
12.598670417,1,1,0
12.608315583,0,1,0
12.618314500,0,0,0
12.622314333,0,0,1
12.648630083,0,0,0
12.672311583,0,0,1
12.698629167,0,0,0
12.698645833,1,0,0
12.708306583,0,0,0
12.722304250,0,0,1
12.748616250,0,0,0
12.772295417,0,0,1
12.798612750,0,0,0
12.798629500,0,1,0
12.798643667,1,1,0
12.808286250,0,1,0
12.818283750,0,0,0
12.822282833,0,0,1
12.848591667,0,0,0
12.872268500,0,0,1
12.898581667,0,0,0
12.898598333,1,0,0
12.908258750,0,0,0
12.922257417,0,0,1
12.948571750,0,0,0
12.972248583,0,0,1
12.998565167,0,0,0
12.998581833,0,1,0
12.998596083,1,1,0
13.008240917,0,1,0
13.018239083,0,0,0
13.022237583,0,0,1
13.048547417,0,0,0
13.072224750,0,0,1
13.098541333,0,0,0
13.098558000,1,0,0
13.108216417,0,0,0
13.122214083,0,0,1
13.148525583,0,0,0
13.172198583,0,0,1
13.198514750,0,0,0
13.198531417,0,1,0
13.198545583,1,1,0
13.208188333,0,1,0
13.218186583,0,0,0
13.222186000,0,0,1
13.248498333,0,0,0
13.272175500,0,0,1
13.298490500,0,0,0
13.298507167,1,0,0
13.308166333,0,0,0
13.322163333,0,0,1
13.348477333,0,0,0
13.372154750,0,0,1
13.398475083,0,0,0
13.398491833,0,1,0
13.398506000,1,1,0
13.408149833,0,1,0
13.418147167,0,0,0
13.422145917,0,0,1
13.448459333,0,0,0
13.472135333,0,0,1
13.498449583,0,0,0
13.498466250,1,0,0
13.508124583,0,0,0
13.522122500,0,0,1
13.548436083,0,0,0
13.572116583,0,0,1
13.598439083,0,0,0
13.598455833,0,1,0
13.598470000,1,1,0
13.608115167,0,1,0
13.618115583,0,0,0
13.622115250,0,0,1
13.648431500,0,0,0
13.672113917,0,0,1
13.698435583,0,0,0
13.698452250,1,0,0
13.708112667,0,0,0
13.722111167,0,0,1
13.748426250,0,0,0
13.772106083,0,0,1
13.798428333,0,0,0
13.798445000,0,1,0
13.798459167,1,1,0
13.808105333,0,1,0
13.818104667,0,0,0
13.822104250,0,0,1
13.848419333,0,0,0
13.872097500,0,0,1
13.898415333,0,0,0
13.898432000,1,0,0
13.908093583,0,0,0
13.922092833,0,0,1
13.948406500,0,0,0
13.972087417,0,0,1
13.998409583,0,0,0
13.998426250,0,1,0
13.998440417,1,1,0
14.008087583,0,1,0
14.018088333,0,0,0
14.022088417,0,0,1
14.048403667,0,0,0
14.072084083,0,0,1
14.098402917,0,0,0
14.098419583,1,0,0
14.108080167,0,0,0
14.122080333,0,0,1
14.148397583,0,0,0
14.172077167,0,0,1
14.198399500,0,0,0
14.198416250,0,1,0
14.198430417,1,1,0
14.208077000,0,1,0
14.218076083,0,0,0
14.222075500,0,0,1
14.248390583,0,0,0
14.272069250,0,0,1
14.298388833,0,0,0
14.298405500,1,0,0
14.308066917,0,0,0
14.322067417,0,0,1
14.348385917,0,0,0
14.372066083,0,0,1
14.398385583,0,0,0
14.398402333,0,1,0
14.398416500,1,1,0
14.408062000,0,1,0
14.418060333,0,0,0
14.422059917,0,0,1
14.448373250,0,0,0
14.472050333,0,0,1
14.498363333,0,0,0
14.498380000,1,0,0
14.508039583,0,0,0
14.522036417,0,0,1
14.548351750,0,0,0
14.572028500,0,0,1
14.598344000,0,0,0
14.598360667,0,1,0
14.598374833,1,1,0
14.608018583,0,1,0
14.618018167,0,0,0
14.622017583,0,0,1
14.648330583,0,0,0
14.672006917,0,0,1
14.698323333,0,0,0
14.698340000,1,0,0
14.708000917,0,0,0
14.722000333,0,0,1
14.748313333,0,0,0
14.771993333,0,0,1
14.798313333,0,0,0
14.798330083,0,1,0
14.798344250,1,1,0
14.807989583,0,1,0
14.817989083,0,0,0
14.821988417,0,0,1
14.848300917,0,0,0
14.871978750,0,0,1
14.898295583,0,0,0
14.898312250,1,0,0
14.907972917,0,0,0
14.921970667,0,0,1
14.948282250,0,0,0
14.971960167,0,0,1
14.998281083,0,0,0
14.998297833,0,1,0
14.998312000,1,1,0
15.007956333,0,1,0
15.017955167,0,0,0
15.021955083,0,0,1
15.048271500,0,0,0
15.071951167,0,0,1
15.098272667,0,0,0
15.098289333,1,0,0
15.107950833,0,0,0
15.121949833,0,0,1
15.148263500,0,0,0
15.171941250,0,0,1
15.198260500,0,0,0
15.198277250,0,1,0
15.198291417,1,1,0
15.207936917,0,1,0
15.217937083,0,0,0
15.221937583,0,0,1
15.248254917,0,0,0
15.271930750,0,0,1
15.298247083,0,0,0
15.298263667,1,0,0
15.307924500,0,0,0
15.321922250,0,0,1
15.348235750,0,0,0
15.371913917,0,0,1
15.398235083,0,0,0
15.398251750,0,1,0
15.398265917,1,1,0
15.407911417,0,1,0
15.417912500,0,0,0
15.421912667,0,0,1
15.448227417,0,0,0
15.471906750,0,0,1
15.498226750,0,0,0
15.498243417,1,0,0
15.507906750,0,0,0
15.521905500,0,0,1
15.548217000,0,0,0
15.571893417,0,0,1
15.598211500,0,0,0
15.598228250,0,1,0
15.598242417,1,1,0
15.607884917,0,1,0
15.617881333,0,0,0
15.621880500,0,0,1
15.648194417,0,0,0
15.671871000,0,0,1
15.698186333,0,0,0
15.698203000,1,0,0
15.707862917,0,0,0
15.721860250,0,0,1
15.748172167,0,0,0
15.771849917,0,0,1
15.798168667,0,0,0
15.798185333,0,1,0
15.798199500,1,1,0
15.807843750,0,1,0
15.817840667,0,0,0
15.821839833,0,0,1
15.848152917,0,0,0
15.871829917,0,0,1
15.898147750,0,0,0
15.898164417,1,0,0
15.907826583,0,0,0
15.921826333,0,0,1
15.948139167,0,0,0
15.971819250,0,0,1
15.998136417,0,0,0
15.998153083,0,1,0
15.998167250,1,1,0
16.007811917,0,1,0
16.017811167,0,0,0
16.021811333,0,0,1
16.048130583,0,0,0
16.071814167,0,0,1
16.098132833,0,0,0
16.098149500,1,0,0
16.107811750,0,0,0
16.121810250,0,0,1
16.148128583,0,0,0
16.171812083,0,0,1
16.198132250,0,0,0
16.198149000,0,1,0
16.198163167,1,1,0
16.207807167,0,1,0
16.217807167,0,0,0
16.221806833,0,0,1
16.248121333,0,0,0
16.271800833,0,0,1
16.298115667,0,0,0
16.298132333,1,0,0
16.307793000,0,0,0
16.321791583,0,0,1
16.348107333,0,0,0
16.371787750,0,0,1
16.398107417,0,0,0
16.398124167,0,1,0
16.398138333,1,1,0
16.407783500,0,1,0
16.417784667,0,0,0
16.421784917,0,0,1
16.448100667,0,0,0
16.471783167,0,0,1
16.498102583,0,0,0
16.498119250,1,0,0
16.507780417,0,0,0
16.521780167,0,0,1
16.548096417,0,0,0
16.571774667,0,0,1
16.598095333,0,0,0
16.598112000,0,1,0
16.598126250,1,1,0
16.607771000,0,1,0
16.617770917,0,0,0
16.621770750,0,0,1
16.648088250,0,0,0
16.671770417,0,0,1
16.698090167,0,0,0
16.698106833,1,0,0
16.707768833,0,0,0
16.721769167,0,0,1
16.748084917,0,0,0
16.771765083,0,0,1
16.798087083,0,0,0
16.798103833,0,1,0
16.798118000,1,1,0
16.807762333,0,1,0
16.817760833,0,0,0
16.821760000,0,0,1
16.848078917,0,0,0
16.871759000,0,0,1
16.898077917,0,0,0
16.898094583,1,0,0
16.907755333,0,0,0
16.921754667,0,0,1
16.948071917,0,0,0
16.971753167,0,0,1
16.998074833,0,0,0
16.998091583,0,1,0
16.998105750,1,1,0
17.007751167,0,1,0
17.017749917,0,0,0
17.021749583,0,0,1
17.048064417,0,0,0
17.071745750,0,0,1
17.098066333,0,0,0
17.098083000,1,0,0
17.107744333,0,0,0
17.121744250,0,0,1
17.148063500,0,0,0
17.171745250,0,0,1
17.198067333,0,0,0
17.198084000,0,1,0
17.198098167,1,1,0
17.207743000,0,1,0
17.217743833,0,0,0
17.221743833,0,0,1
17.248065083,0,0,0
17.271747917,0,0,1
17.298070667,0,0,0
17.298087250,1,0,0
17.307747250,0,0,0
17.321745667,0,0,1
17.348061000,0,0,0
17.371743250,0,0,1
17.398064667,0,0,0
17.398081417,0,1,0
17.398095583,1,1,0
17.407739167,0,1,0
17.417736583,0,0,0
17.421736083,0,0,1
17.448051250,0,0,0
17.471731417,0,0,1
17.498049500,0,0,0
17.498066083,1,0,0
17.507727000,0,0,0
17.521724250,0,0,1
17.548039333,0,0,0
17.571719667,0,0,1
17.598039833,0,0,0
17.598056500,0,1,0
17.598070667,1,1,0
17.607714833,0,1,0
17.617713833,0,0,0
17.621713250,0,0,1
17.648027500,0,0,0
17.671706333,0,0,1
17.698025417,0,0,0
17.698042083,1,0,0
17.707703417,0,0,0
17.721702083,0,0,1
17.748018750,0,0,0
17.771700083,0,0,1
17.798020917,0,0,0
17.798037667,0,1,0
17.798051833,1,1,0
17.807694583,0,1,0
17.817692083,0,0,0
17.821692000,0,0,1
17.848005667,0,0,0
17.871682833,0,0,1
17.897999833,0,0,0
17.898016500,1,0,0
17.907677500,0,0,0
17.921674917,0,0,1
17.947991417,0,0,0
17.971672833,0,0,1
17.997994750,0,0,0
17.998011500,0,1,0
17.998025667,1,1,0
18.007670833,0,1,0
18.017669667,0,0,0
18.021668667,0,0,1
18.047985083,0,0,0
18.071663667,0,0,1
18.097981500,0,0,0
18.097998167,1,0,0
18.107660500,0,0,0
18.121659833,0,0,1
18.147972583,0,0,0
18.171652250,0,0,1
18.197969500,0,0,0
18.197986167,0,1,0
18.198000333,1,1,0
18.207643500,0,1,0
18.217642583,0,0,0
18.221641667,0,0,1
18.247953167,0,0,0
18.271629250,0,0,1
18.297944833,0,0,0
18.297961500,1,0,0
18.307620250,0,0,0
18.321615167,0,0,1
18.347926500,0,0,0
18.371602833,0,0,1
18.397922083,0,0,0
18.397938833,0,1,0
18.397953000,1,1,0
18.407597250,0,1,0
18.417596750,0,0,0
18.421597417,0,0,1
18.447910000,0,0,0
18.471590417,0,0,1
18.497906417,0,0,0
18.497923083,1,0,0
18.507582500,0,0,0
18.521581917,0,0,1
18.547898000,0,0,0
18.571578750,0,0,1
18.597895667,0,0,0
18.597912417,0,1,0
18.597926583,1,1,0
18.607570667,0,1,0
18.617569333,0,0,0
18.621568417,0,0,1
18.647882000,0,0,0
18.671559333,0,0,1
18.697875083,0,0,0
18.697891750,1,0,0
18.707551333,0,0,0
18.721549667,0,0,1
18.747862583,0,0,0
18.771540167,0,0,1
18.797860000,0,0,0
18.797876750,0,1,0
18.797890917,1,1,0
18.807534417,0,1,0
18.817531833,0,0,0
18.821531500,0,0,1
18.847847333,0,0,0
18.871531417,0,0,1
18.897846917,0,0,0
18.897863583,1,0,0
18.907523167,0,0,0
18.921520250,0,0,1
18.947834750,0,0,0
18.971513750,0,0,1
18.997832417,0,0,0
18.997849083,0,1,0
18.997863250,1,1,0
19.007506667,0,1,0
19.017504583,0,0,0
19.021503833,0,0,1
19.047816833,0,0,0
19.071493667,0,0,1
19.097806167,0,0,0
19.097822833,1,0,0
19.107482250,0,0,0
19.121478333,0,0,1
19.147789833,0,0,0
19.171464500,0,0,1
19.197782917,0,0,0
19.197799667,0,1,0
19.197813833,1,1,0
19.207455917,0,1,0
19.217453000,0,0,0
19.221452083,0,0,1
19.247762833,0,0,0
19.271440583,0,0,1
19.297755417,0,0,0
19.297772000,1,0,0
19.307433167,0,0,0
19.321429000,0,0,1
19.347739917,0,0,0
19.371415500,0,0,1
19.397736000,0,0,0
19.397752750,0,1,0
19.397766917,1,1,0
19.407412000,0,1,0
19.417410833,0,0,0
19.421410167,0,0,1
19.447723833,0,0,0
19.471403167,0,0,1
19.497720917,0,0,0
19.497737500,1,0,0
19.507396917,0,0,0
19.521394000,0,0,1
19.547706667,0,0,0
19.571381167,0,0,1
19.597698000,0,0,0
19.597714750,0,1,0
19.597728917,1,1,0
19.607372583,0,1,0
19.617371750,0,0,0
19.621371667,0,0,1
19.647687167,0,0,0
19.671362583,0,0,1
19.697679500,0,0,0
19.697696167,1,0,0
19.707357000,0,0,0
19.721355500,0,0,1
19.747666583,0,0,0
19.771345917,0,0,1
19.797662000,0,0,0
19.797678750,0,1,0
19.797692917,1,1,0
19.807337083,0,1,0
19.817335167,0,0,0
19.821335000,0,0,1
19.847650500,0,0,0
19.871327667,0,0,1
19.897646000,0,0,0
19.897662667,1,0,0
19.907323667,0,0,0
19.921321500,0,0,1
19.947638750,0,0,0
19.971315000,0,0,1
19.997636667,0,0,0
19.997653417,0,1,0
19.997667583,1,1,0
20.007313083,0,1,0
20.017312333,0,0,0
20.021312417,0,0,1
20.047627833,0,0,0
20.071305833,0,0,1
20.097622833,0,0,0
20.097639500,1,0,0
20.107299333,0,0,0
20.121297250,0,0,1
20.147613583,0,0,0
20.171293833,0,0,1
20.197613333,0,0,0
20.197630083,0,1,0
20.197644250,1,1,0
20.207288917,0,1,0
20.217287750,0,0,0
20.221287667,0,0,1
20.247604417,0,0,0
20.271283167,0,0,1
20.297604167,0,0,0
20.297620833,1,0,0
20.307284000,0,0,0
20.321283417,0,0,1
20.347598083,0,0,0
20.371275917,0,0,1
20.397595583,0,0,0
20.397612250,0,1,0
20.397626417,1,1,0
20.407269167,0,1,0
20.417266500,0,0,0
20.421265417,0,0,1
20.447579417,0,0,0
20.471257167,0,0,1
20.497572083,0,0,0
20.497588750,1,0,0
20.507248167,0,0,0
20.521245500,0,0,1
20.547560833,0,0,0
20.571240500,0,0,1
20.597563833,0,0,0
20.597580583,0,1,0
20.597594750,1,1,0
20.607240667,0,1,0
20.617239750,0,0,0
20.621239417,0,0,1
20.647552583,0,0,0
20.671230583,0,0,1
20.697546667,0,0,0
20.697563333,1,0,0
20.707224250,0,0,0
20.721223750,0,0,1
20.747538750,0,0,0
20.771217750,0,0,1
20.797537917,0,0,0
20.797554667,0,1,0
20.797568833,1,1,0
20.807212917,0,1,0
20.817211667,0,0,0
20.821211417,0,0,1
20.847526167,0,0,0
20.871206750,0,0,1
20.897527917,0,0,0
20.897544583,1,0,0
20.907206250,0,0,0
20.921204167,0,0,1
20.947521333,0,0,0
20.971201250,0,0,1
20.997520833,0,0,0
20.997537583,0,1,0
20.997551750,1,1,0
21.007195917,0,1,0
21.017194667,0,0,0
21.021194333,0,0,1
21.047508750,0,0,0
21.071187333,0,0,1
21.097504500,0,0,0
21.097521167,1,0,0
21.107182000,0,0,0
21.121181000,0,0,1
21.147496250,0,0,0
21.171175083,0,0,1
21.197497167,0,0,0
21.197513833,0,1,0
21.197528000,1,1,0
21.207172583,0,1,0
21.217170167,0,0,0
21.221170167,0,0,1
21.247486583,0,0,0
21.271165667,0,0,1
21.297485167,0,0,0
21.297501833,1,0,0
21.307162250,0,0,0
21.321158583,0,0,1
21.347472750,0,0,0
21.371150500,0,0,1
21.397471167,0,0,0
21.397487917,0,1,0
21.397502083,1,1,0
21.407147250,0,1,0
21.417147667,0,0,0
21.421147583,0,0,1
21.447463167,0,0,0
21.471143500,0,0,1
21.497463167,0,0,0
21.497479833,1,0,0
21.507142583,0,0,0
21.521142417,0,0,1
21.547457250,0,0,0
21.571135083,0,0,1
21.597453833,0,0,0
21.597470583,0,1,0
21.597484750,1,1,0
21.607129083,0,1,0
21.617128167,0,0,0
21.621128000,0,0,1
21.647445000,0,0,0
21.671124833,0,0,1
21.697442000,0,0,0
21.697458667,1,0,0
21.707119583,0,0,0
21.721119333,0,0,1
21.747436833,0,0,0
21.771118250,0,0,1
21.797437583,0,0,0
21.797454250,0,1,0
21.797468417,1,1,0
21.807111667,0,1,0
21.817110000,0,0,0
21.821108917,0,0,1
21.847421833,0,0,0
21.871103583,0,0,1
21.897421083,0,0,0
21.897437750,1,0,0
21.907099167,0,0,0
21.921099500,0,0,1
21.947415417,0,0,0
21.971096667,0,0,1
21.997417667,0,0,0
21.997434417,0,1,0
21.997448583,1,1,0
22.007093833,0,1,0
22.017092417,0,0,0
22.021092417,0,0,1
22.047408250,0,0,0
22.071084333,0,0,1
22.097399417,0,0,0
22.097416000,1,0,0
22.107076833,0,0,0
22.121077833,0,0,1
22.147393250,0,0,0
22.171072583,0,0,1
22.197392917,0,0,0
22.197409583,0,1,0
22.197423750,1,1,0
22.207066917,0,1,0
22.217065083,0,0,0
22.221064167,0,0,1
22.247373583,0,0,0
22.271046083,0,0,1
22.297362333,0,0,0
22.297379000,1,0,0
22.307039417,0,0,0
22.321038333,0,0,1
22.347351000,0,0,0
22.371027500,0,0,1
22.397347750,0,0,0
22.397364500,0,1,0
22.397378667,1,1,0
22.407023083,0,1,0
22.417020917,0,0,0
22.421019917,0,0,1
22.447331500,0,0,0
22.471006250,0,0,1
22.497318167,0,0,0
22.497334833,1,0,0
22.506993750,0,0,0
22.520990250,0,0,1
22.547297083,0,0,0
22.570970083,0,0,1
22.597282667,0,0,0
22.597299333,0,1,0
22.597313500,1,1,0
22.606955333,0,1,0
22.616952333,0,0,0
22.620950917,0,0,1
22.647262083,0,0,0
22.670935833,0,0,1
22.697249583,0,0,0
22.697266250,1,0,0
22.706925833,0,0,0
22.720923083,0,0,1
22.747235917,0,0,0
22.770914000,0,0,1
22.797231417,0,0,0
22.797248167,0,1,0
22.797262333,1,1,0
22.806905667,0,1,0
22.816903250,0,0,0
22.820902333,0,0,1
22.847211917,0,0,0
22.870887500,0,0,1
22.897206333,0,0,0
22.897223000,1,0,0
22.906883417,0,0,0
22.920879667,0,0,1
22.947193417,0,0,0
22.970872750,0,0,1
22.997194167,0,0,0
22.997210833,0,1,0
22.997225000,1,1,0
23.006869167,0,1,0
23.016868000,0,0,0
23.020867417,0,0,1
23.047179083,0,0,0
23.070855250,0,0,1
23.097169083,0,0,0
23.097185750,1,0,0
23.106846000,0,0,0
23.120842083,0,0,1
23.147152167,0,0,0
23.170829000,0,0,1
23.197145583,0,0,0
23.197162333,0,1,0
23.197176500,1,1,0
23.206820250,0,1,0
23.216819000,0,0,0
23.220818417,0,0,1
23.247130250,0,0,0
23.270810167,0,0,1
23.297124750,0,0,0
23.297141333,1,0,0
23.306802167,0,0,0
23.320799750,0,0,1
23.347112167,0,0,0
23.370788833,0,0,1
23.397106000,0,0,0
23.397122750,0,1,0
23.397136917,1,1,0
23.406779500,0,1,0
23.416776917,0,0,0
23.420775167,0,0,1
23.447085333,0,0,0
23.470764000,0,0,1
23.497081667,0,0,0
23.497098333,1,0,0
23.506758333,0,0,0
23.520756833,0,0,1
23.547068833,0,0,0
23.570747083,0,0,1
23.597064750,0,0,0
23.597081417,0,1,0
23.597095667,1,1,0
23.606739667,0,1,0
23.616737333,0,0,0
23.620736667,0,0,1
23.647049417,0,0,0
23.670725417,0,0,1
23.697039833,0,0,0
23.697056500,1,0,0
23.706717750,0,0,0
23.720718000,0,0,1
23.747030833,0,0,0
23.770708583,0,0,1
23.797024333,0,0,0
23.797041083,0,1,0
23.797055250,1,1,0
23.806698083,0,1,0
23.816694083,0,0,0
23.820692833,0,0,1
23.847004750,0,0,0
23.870686000,0,0,1
23.897003417,0,0,0
23.897020083,1,0,0
23.906682167,0,0,0
23.920680167,0,0,1
23.946992750,0,0,0
23.970671833,0,0,1
23.996992417,0,0,0
23.997009083,0,1,0
23.997023333,1,1,0
24.006667417,0,1,0
24.016664750,0,0,0
24.020663583,0,0,1
24.046976333,0,0,0
24.070652333,0,0,1
24.096968000,0,0,0
24.096984667,1,0,0
24.106644500,0,0,0
24.120642667,0,0,1
24.146957833,0,0,0
24.170634417,0,0,1
24.196953167,0,0,0
24.196969917,0,1,0
24.196984083,1,1,0
24.206628083,0,1,0
24.216626917,0,0,0
24.220626750,0,0,1
24.246941583,0,0,0
24.270622000,0,0,1
24.296939250,0,0,0
24.296955917,1,0,0
24.306616417,0,0,0
24.320615667,0,0,1
24.346932667,0,0,0
24.370608667,0,0,1
24.396923583,0,0,0
24.396940333,0,1,0
24.396954500,1,1,0
24.406598333,0,1,0
24.416596833,0,0,0
24.420596500,0,0,1
24.446906500,0,0,0
24.470583417,0,0,1
24.496898917,0,0,0
24.496915583,1,0,0
24.506575583,0,0,0
24.520574250,0,0,1
24.546886667,0,0,0
24.570567000,0,0,1
24.596885167,0,0,0
24.596901833,0,1,0
24.596916000,1,1,0
24.606560417,0,1,0
24.616559500,0,0,0
24.620559167,0,0,1
24.646872833,0,0,0
24.670551750,0,0,1
24.696871583,0,0,0
24.696888250,1,0,0
24.706549000,0,0,0
24.720545833,0,0,1
24.746861333,0,0,0
24.770540833,0,0,1
24.796857417,0,0,0
24.796874083,0,1,0
24.796888250,1,1,0
24.806532083,0,1,0
24.816531750,0,0,0
24.820531667,0,0,1
24.846848917,0,0,0
24.870530750,0,0,1
24.896846917,0,0,0
24.896863583,1,0,0
24.906522500,0,0,0
24.920520000,0,0,1
24.946835083,0,0,0
24.970513917,0,0,1
24.996833000,0,0,0
24.996849750,0,1,0
24.996863917,1,1,0
25.006510167,0,1,0
25.016509750,0,0,0
25.020509583,0,0,1
25.046826667,0,0,0
25.070505333,0,0,1
25.096822667,0,0,0
25.096839333,1,0,0
25.106498500,0,0,0
25.120497167,0,0,1
25.146810667,0,0,0
25.170488583,0,0,1
25.196808167,0,0,0
25.196824917,0,1,0
25.196839083,1,1,0
25.206483417,0,1,0
25.216482500,0,0,0
25.220482167,0,0,1
25.246798750,0,0,0
25.270477750,0,0,1
25.296793250,0,0,0
25.296809917,1,0,0
25.306469667,0,0,0
25.320466167,0,0,1
25.346780750,0,0,0
25.370457833,0,0,1
25.396780250,0,0,0
25.396797000,0,1,0
25.396811167,1,1,0
25.406455583,0,1,0
25.416455083,0,0,0
25.420455333,0,0,1
25.446769917,0,0,0
25.470448083,0,0,1
25.496764333,0,0,0
25.496781000,1,0,0
25.506442417,0,0,0
25.520440583,0,0,1
25.546754083,0,0,0
25.570435583,0,0,1
25.596757000,0,0,0
25.596773667,0,1,0
25.596787833,1,1,0
25.606431833,0,1,0
25.616431667,0,0,0
25.620430750,0,0,1
25.646743667,0,0,0
25.670422250,0,0,1
25.696739000,0,0,0
25.696755667,1,0,0
25.706415833,0,0,0
25.720414333,0,0,1
25.746725333,0,0,0
25.770402167,0,0,1
25.796722167,0,0,0
25.796738917,0,1,0
25.796753083,1,1,0
25.806396500,0,1,0
25.816394917,0,0,0
25.820394167,0,0,1
25.846704917,0,0,0
25.870382917,0,0,1
25.896702167,0,0,0
25.896718833,1,0,0
25.906378917,0,0,0
25.920377417,0,0,1
25.946693083,0,0,0
25.970369583,0,0,1
25.996687500,0,0,0
25.996704250,0,1,0
25.996718417,1,1,0
26.006362000,0,1,0
26.016360000,0,0,0
26.020359000,0,0,1
26.046670333,0,0,0
26.070344167,0,0,1
26.096658583,0,0,0
26.096675167,1,0,0
26.106335583,0,0,0
26.120334583,0,0,1
26.146645583,0,0,0
26.170323083,0,0,1
26.196639417,0,0,0
26.196656167,0,1,0
26.196670333,1,1,0
26.206314333,0,1,0
26.216314000,0,0,0
26.220313917,0,0,1
26.246628000,0,0,0
26.270307167,0,0,1
26.296625917,0,0,0
26.296642583,1,0,0
26.306301083,0,0,0
26.320298167,0,0,1
26.346609250,0,0,0
26.370282250,0,0,1
26.396596750,0,0,0
26.396613500,0,1,0
26.396627667,1,1,0
26.406270667,0,1,0
26.416268250,0,0,0
26.420267750,0,0,1
26.446578000,0,0,0
26.470255250,0,0,1
26.496570750,0,0,0
26.496587417,1,0,0
26.506247417,0,0,0
26.520244000,0,0,1
26.546555667,0,0,0
26.570232500,0,0,1
26.596549917,0,0,0
26.596566667,0,1,0
26.596580833,1,1,0
26.606223583,0,1,0
26.616221917,0,0,0
26.620220500,0,0,1
26.646533333,0,0,0
26.670212833,0,0,1
26.696526000,0,0,0
26.696542667,1,0,0
26.706203083,0,0,0
26.720201250,0,0,1
26.746512917,0,0,0
26.770192250,0,0,1
26.796508750,0,0,0
26.796525417,0,1,0
26.796539583,1,1,0
26.806184250,0,1,0
26.816183000,0,0,0
26.820183000,0,0,1
26.846498833,0,0,0
26.870176583,0,0,1
26.896491917,0,0,0
26.896508583,1,0,0
26.906169500,0,0,0
26.920167583,0,0,1
26.946478250,0,0,0
26.970154417,0,0,1
26.996470083,0,0,0
26.996486833,0,1,0
26.996501000,1,1,0
27.006144000,0,1,0
27.016140500,0,0,0
27.020139167,0,0,1
27.046452167,0,0,0
27.070121167,0,0,1
27.096434083,0,0,0
27.096450750,1,0,0
27.106110833,0,0,0
27.120109833,0,0,1
27.146423500,0,0,0
27.170100250,0,0,1
27.196416000,0,0,0
27.196432750,0,1,0
27.196446917,1,1,0
27.206089500,0,1,0
27.216087250,0,0,0
27.220086667,0,0,1
27.246400000,0,0,0
27.270075250,0,0,1
27.296392500,0,0,0
27.296409167,1,0,0
27.306070250,0,0,0
27.320069750,0,0,1
27.346382667,0,0,0
27.370062167,0,0,1
27.396381833,0,0,0
27.396398583,0,1,0
27.396412750,1,1,0
27.406055750,0,1,0
27.416055333,0,0,0
27.420054833,0,0,1
27.446367667,0,0,0
27.470045167,0,0,1
27.496361500,0,0,0
27.496378167,1,0,0
27.506038667,0,0,0
27.520038417,0,0,1
27.546353917,0,0,0
27.570033417,0,0,1
27.596352917,0,0,0
27.596369667,0,1,0
27.596383833,1,1,0
27.606027500,0,1,0
27.616025500,0,0,0
27.620025333,0,0,1
27.646340250,0,0,0
27.670017750,0,0,1
27.696332417,0,0,0
27.696349083,1,0,0
27.706009167,0,0,0
27.720007833,0,0,1
27.746321167,0,0,0
27.769997250,0,0,1
27.796316250,0,0,0
27.796333000,0,1,0
27.796347167,1,1,0
27.805990167,0,1,0
27.815987667,0,0,0
27.819987583,0,0,1
27.846299000,0,0,0
27.869981583,0,0,1
27.896300250,0,0,0
27.896316917,1,0,0
27.905978917,0,0,0
27.919978583,0,0,1
27.946289167,0,0,0
27.969966333,0,0,1
27.996283500,0,0,0
27.996300250,0,1,0
27.996314417,1,1,0
28.005958583,0,1,0
28.015957500,0,0,0
28.019957333,0,0,1
28.046273917,0,0,0
28.069953750,0,0,1
28.096270500,0,0,0
28.096287167,1,0,0
28.105946583,0,0,0
28.119945417,0,0,1
28.146258417,0,0,0
28.169935833,0,0,1
28.196254583,0,0,0
28.196271333,0,1,0
28.196285500,1,1,0
28.205929583,0,1,0
28.215926167,0,0,0
28.219925083,0,0,1
28.246236000,0,0,0
28.269913833,0,0,1
28.296228667,0,0,0
28.296245250,1,0,0
28.305903583,0,0,0
28.319900167,0,0,1
28.346211917,0,0,0
28.369890250,0,0,1
28.396208333,0,0,0
28.396225083,0,1,0
28.396239250,1,1,0
28.405882167,0,1,0
28.415878500,0,0,0
28.419877167,0,0,1
28.446188417,0,0,0
28.469867167,0,0,1
28.496183333,0,0,0
28.496200000,1,0,0
28.505860500,0,0,0
28.519857250,0,0,1
28.546171000,0,0,0
28.569847000,0,0,1
28.596166083,0,0,0
28.596182750,0,1,0
28.596196917,1,1,0
28.605839917,0,1,0
28.615838583,0,0,0
28.619838000,0,0,1
28.646150833,0,0,0
28.669830333,0,0,1
28.696145500,0,0,0
28.696162167,1,0,0
28.705820583,0,0,0
28.719817167,0,0,1
28.746125333,0,0,0
28.769800333,0,0,1
28.796114750,0,0,0
28.796131500,0,1,0
28.796145667,1,1,0
28.805789917,0,1,0
28.815788000,0,0,0
28.819788083,0,0,1
28.846102000,0,0,0
28.869779750,0,0,1
28.896094000,0,0,0
28.896110667,1,0,0
28.905769083,0,0,0
28.919766500,0,0,1
28.946075417,0,0,0
28.969747583,0,0,1
28.996060833,0,0,0
28.996077500,0,1,0
28.996091667,1,1,0
29.005733500,0,1,0
29.015730917,0,0,0
29.019730333,0,0,1
29.046040917,0,0,0
29.069717417,0,0,1
29.096034833,0,0,0
29.096051500,1,0,0
29.105712250,0,0,0
29.119711250,0,0,1
29.146026583,0,0,0
29.169705500,0,0,1
29.196022833,0,0,0
29.196039500,0,1,0
29.196053667,1,1,0
29.205696917,0,1,0
29.215695500,0,0,0
29.219695333,0,0,1
29.246013583,0,0,0
29.269695417,0,0,1
29.296013250,0,0,0
29.296029917,1,0,0
29.305692833,0,0,0
29.319692000,0,0,1
29.346006167,0,0,0
29.369685750,0,0,1
29.396004750,0,0,0
29.396021417,0,1,0
29.396035583,1,1,0
29.405680833,0,1,0
29.415680333,0,0,0
29.419680250,0,0,1
29.445995250,0,0,0
29.469672167,0,0,1
29.495988583,0,0,0
29.496005250,1,0,0
29.505664917,0,0,0
29.519661833,0,0,1
29.545974750,0,0,0
29.569651500,0,0,1
29.595973750,0,0,0
29.595990500,0,1,0
29.596004667,1,1,0
29.605650833,0,1,0
29.615651250,0,0,0
29.619651667,0,0,1
29.645967833,0,0,0
29.669648750,0,0,1
29.695971000,0,0,0
29.695987667,1,0,0
29.705649583,0,0,0
29.719651917,0,0,1
29.745972250,0,0,0
29.769655833,0,0,1
29.795981833,0,0,0
29.795998500,0,1,0
29.796012667,1,1,0
29.805658250,0,1,0
29.815657750,0,0,0
29.819658417,0,0,1
29.845978250,0,0,0
29.869662167,0,0,1
29.895981083,0,0,0
29.895997750,1,0,0
29.905660250,0,0,0
29.919661167,0,0,1
29.945979833,0,0,0
29.969661583,0,0,1
29.995984250,0,0,0
29.996001000,0,1,0
29.996015167,1,1,0
30.005660917,0,1,0
30.015661333,0,0,0
30.019661750,0,0,1
30.045979750,0,0,0
30.069662083,0,0,1
30.095982000,0,0,0
30.095998583,1,0,0
30.105659417,0,0,0
30.119660833,0,0,1
30.145977917,0,0,0
30.169656917,0,0,1
30.175394583,0,0,1
